{
  "winner": {
    "accuracy": 0.7316017316017316,
    "auc_roc": 0.8383219954648525,
    "log_loss": 0.5228753682991194,
    "home_win_rate_actual": 0.5454545454545454
  },
  "spread": {
    "mae": 10.782736692658235,
    "rmse": 13.873261645668036,
    "avg_actual_margin": 1.0692640692640694,
    "avg_predicted_margin": 1.525634765625
  },
  "n_features": 65,
  "train_size": 3113,
  "val_size": 231
}